Hit Name,AURORA1,AURORA2,AURURA5,Charentais2,Charentais3,Charentais5,Crane1,Crane2,Crane3,Crane5,Diplo1,Diplo2,Diplo3,Diplo4,Edisto1,Edisto3,Halona1,Halona2,Halona3,Halona4,Halona5,HBush1,HBush2,HBush4,HBush5,HOrange1,HOrange3,HOrange4,HOrange5,IchibaKouji,IchibaKouji2,IchibaKouji3,Kajari1,Kajari2,Kajari3,Koljo1,Koljo3,Koljo5,Korean1,Korean2,Korean3,Korean4,Midget1,Midget2,Midget3,Midget5,Milan1,Milan2,Milan3,Milan4,Milan5,OHoneydew21,OHoneydew29,OHoneydew2,PMR1,PMR2,PMR3,PMR5,WMR3,WMR4
"1-Butanol, 2-methyl-",0,29.48859936,24.53341695,53.24108609,38.88214654,25.62024264,23.30043538,23.73793258,22.36600467,19.60428274,62.33143535,137.6871572,143.10914,59.56338229,0,0,47.43736613,28.75820591,35.92117665,24.4611787,24.84984521,53.55282455,0,26.59801713,35.49353593,14.46878246,9.925587215,12.76221158,11.86781759,0,0,0,22.77227701,35.08491211,43.32965268,0,0,26.53839982,5.391194316,7.955114694,4.913696479,3.217731301,29.90602543,0,0,39.28058901,45.75416667,63.68595251,68.61883391,74.27694493,50.5175991,8.917894142,28.81185063,0,42.72251808,44.13975771,0,22.3330868,4.033958596,0
"Propanoic acid, 2-methyl-, ethyl ester",0,0,0,0,23.10930107,4.83674456,0,0,0,0,0,0,0,0,0,0,0,6.065548227,0,0,0,0,0,0,0,0,0,0,9.163462967,0,0,0,30.7149922,0,0,14.17415606,0,0,0,0,0,0,0,0,0,0,0,0,0,0,0,0,0,0,0,0,0,0,0,0
Acetoin,0,0,0,0,0,0,0,0,0,0,0,0,0,0,0,0,0,0,0,0,0,0,0,0,0,0,0,0,0,0,0,0,0,0,0,0,0,0,0,0,0,0,0,0,0,0,0,0,0,0,0,0,0,0,0,0,0,0,0,0
1-Pentanol,0,0,0,0,0,0,0,0,0,0,0,0,0,0,0,0,0,0,0,0,0,0,0,0,0,0,0,0,0,0,0,0,0,0,0,0,0,0,0,0,0,0,0,0,0,0,0,0,0,0,0,0,0,0,0,0,0,0,0,0
"Butanoic acid, 2-methyl-, methyl ester",24.10662264,0,13.38090709,17.61691788,9.332693373,13.42364588,3.40036374,0,0,4.969738854,0,20.13962201,14.78338341,5.212131011,0,0,10.66963818,10.52920686,0,2.828625261,4.658435363,17.26305158,0,6.915840292,7.864910399,3.09325485,0,0,0,0,0,0,0,0,0,0,0,2.122394923,0,0,0,0,10.78030559,0,0,37.38990151,12.6849986,11.89467985,6.789796713,9.396819036,6.27424874,0,5.195149172,0,9.961744897,8.186713588,0,3.154489218,0,0
"2,3-Butanediol",0,0,0,0,0,0,0,0,0,0,0,0,0,0,0,0,0,0,0,0,0,0,0,0,0,0,0,0,0,0,0,0,0,0,0,0,0,0,0,0,0,0,0,0,0,0,0,0,0,0,0,0,0,0,0,0,0,0,0,0
"Butanoic acid, ethyl ester",0,0,0,26.27414084,42.38259823,45.8752307,9.629940681,24.13589012,0,8.856636596,0,0,0,0,0,0,6.997162669,12.89620665,13.85771081,23.37246377,0,29.53963526,0,0,0,0,0,0,0,0,0,0,0,6.629286654,0,0,0,0,0,0,0,0,12.41635407,0,0,0,0,0,0,0,0,0,0,0,25.99216135,5.000398512,0,0,0,0
Hexanal,0,42.24050947,55.04981254,0,0,0,0,0,9.453825637,0,11.98311828,25.42436452,35.5652263,4.706325345,11.34773254,18.13925519,0,0,0,0,0,0,0,7.230431149,14.89650641,0,0,0,0,22.53093438,12.55153734,0,0,0,0,0,6.079453994,0,2.554556302,0,3.396823634,1.653090122,0,0,15.17989779,4.671311907,0,9.020814304,10.38924964,7.324429079,8.522687467,0,5.665530766,0,0,0,0,2.425421198,0,4.928400955
2-Heptanol,0,0,0,0,0,0,0,0,0,0,0,0,0,0,0,0,0,0,0,0,0,0,0,0,0,0,0,0,0,0,0,0,0,0,0,0,0,0,0,0,0,0,0,0,0,0,0,0,0,0,0,0,0,0,0,0,0,0,0,0
"Ethanol, 2-(methylthio)-",0,0,0,0,0,0,0,0,0,0,0,0,0,1.917005172,0,0,0,0,0,0,0,0,0,0,0,0,0,0,0,0,0,0,0,0,0,0,0,0,0,0,0,0,0,0,0,0,0,0,0,0,0,0,0,0,0,0,0,0,0,0
"Butanoic acid, 2-methyl-, ethyl ester",0,0,0,287.1318267,304.1594376,114.4751707,11.04499401,0,0,9.159369724,12.30852968,22.80353621,24.72667176,0,0,0,15.87971762,110.901808,79.19082299,120.8202847,12.93809333,29.33529784,0,11.08684656,22.84708026,17.37198511,0,0,0,0,0,0,0,54.32136271,0,0,0,0,0,0,0,0,69.7172019,0,0,22.22546624,22.0042468,0,0,0,0,0,4.389307977,0,78.52569308,0,0,0,0,0
"2-Hexenal, (E)-",0,39.09268728,42.429339,0,0,0,0,0,0,0,0,0,0,0,4.76857913,8.512774051,0,0,0,0,0,0,4.412747845,0,0,0,0,0,0,7.119301671,8.486910986,0,0,0,0,0,8.850918502,0,4.504497625,5.839299326,4.212235124,3.083124487,0,0,4.430591404,0,0,0,0,0,0,0,0,0,0,0,2.322191258,0,0,4.294975235
"3-Hexen-1-ol, (E)-",0,0,0,0,0,0,0,0,14.76277738,0,0,0,0,0,0,0,0,0,0,0,0,0,0,0,0,0,0,0,0,0,0,0,0,0,0,0,0,0,0,0,0,0,0,3.692463073,0,0,0,0,34.51134743,42.11986631,21.00945431,8.862639178,0,0,0,31.36127578,0,15.40991719,0,0
1-Hexanol,14.67043809,0,1.666576792,64.80444711,25.1814207,26.01601451,14.04195634,33.01267752,33.90317836,5.747070043,0,25.70544031,16.57512558,0,0,0,11.06141048,14.31257477,30.58324953,38.59070269,6.382897207,50.25067552,0,6.936254602,13.44565809,11.8420723,6.853690751,11.34464893,8.861874027,0,0,0,16.07539875,35.22553077,21.83436328,13.52715343,6.634217271,6.552329933,0,0,0,0,14.37025291,3.717595107,2.453522241,0,24.48217309,12.46595216,8.250306498,11.94106516,10.94379074,4.235407967,5.37881563,0,36.64149246,12.53747388,1.663183614,2.878364064,2.237064719,2.213919984
"1-Butanol, 2-methyl-, acetate",0,0,0,0,0,3.201188566,0,3.052709232,0,0,0,7.855674484,6.781775311,0,0,0,3.412252998,0,0,0,0,3.402435515,0,0,0,0,0,0,0,0,0,0,0,0,0,0,0,0,0,0,0,0,0,0,0,0,0,0,0,0,0,0,0,0,0,0,0,0,0,0
"Benzoic acid, 2-methoxy-, methyl ester",0,0,0,0,0,0,1.376008408,0,0,0,0,0,0,0,0,0,0,0,0,0,0,0,0,0,0,0,0,0,0,0,0,0,0,0,0,0,0,0,0,0,0,0,0,0,0,0,0,0,0,0,0,0,0,0,0,0,0,0,0,0
Heptanal,0,0,0,0,0,0,0,0,0,0,0,0,0,0,0,0,0,0,0,0,0,0,0,0,0,0,0,0,0,0,0,0,0,0,0,0,0,0,0,0,0,0,0,0,0,0,0,0,0,0,0,0,0,0,0,0,0,0,0,0
"Propanoic acid, 2-methyl-, 2-methylpropyl ester",0,0,2.016417273,0,0,0,0,0,0,0,0,0,0,0,0,0,0,0,0,0,0,0,0,0,0,0,0,0,0,0,0,0,0,0,0,0,0,0,0,0,0,0,0,0,0,0,0,0,0,0,0,0,0,0,0,0,0,0,0,0
"Hexanoic acid, methyl ester",0,0,0,0,0,0,0,0,0,0,0,0,0,0,0,0,2.716723152,0,0,3.451507219,0,0,0,0,0,0,0,0,0,0,0,0,0,0,0,0,0,0,0,0,0,0,0,0,0,0,0,0,0,0,0,0,0,0,1.632629252,0,0,0,0,0
"Butanoic acid, 3-hydroxy-, ethyl ester",0,0,0,0,2.17075054,0,0,0,0,0,0,0,0,0,0,0,0,0,0,0,0,0,0,0,0,0,0,0,0,0,0,0,0,0,0,0,0,0,0,0,0,0,0,0,0,0,0,0,0,0,0,0,0,0,0,0,0,0,0,0
"2-Butenoic acid, 2-methyl-, ethyl ester",0,0,0,6.092772134,2.783083684,0,0,0,0,0,0,0,0,0,0,0,0,0,0,0,0,0,0,0,0,0,0,0,0,0,0,0,0,0,0,0,0,0,0,0,0,0,0,0,0,0,0,0,0,0,0,0,0,0,0,0,0,0,0,0
S-Methyl 3-methylbutanethioate,0,0,0,0,0,0,0,0,0,0,3.74239611,3.25949591,0,8.492353596,0,0,0,0,0,0,0,0,0,0,0,0,0,0,0,0,0,0,0,0,0,0,0,0,0,0,0,0,0,0,0,0,0,0,0,0,0,0,0,0,0,0,0,0,0,0
"Butanoic acid, 2-methyl-, propyl ester",0,0,0,2.021755026,0,0,0,0,0,0,0,0,0,0,0,0,0,0,0,0,0,0,0,0,0,0,0,0,0,0,0,0,0,0,0,0,0,0,0,0,0,0,0,0,0,0,0,0,0,0,0,0,0,0,1.334452377,0,0,0,0,0
Benzaldehyde,61.25200247,203.8276649,48.14350969,33.02089748,25.35074026,12.49659117,3.685010597,5.145693668,5.761738448,4.43969458,5.376570682,8.990263845,12.98457531,7.298663213,2.119929511,2.22233429,4.791132876,6.881817151,10.95164114,9.861487552,5.915316971,9.823500924,0,3.812882425,7.555227573,52.01533321,15.19789553,9.73718739,29.12385897,1.753450958,0,0,5.341019027,6.147477261,9.137569024,6.473476551,2.490329781,4.297191028,11.32249978,25.02283297,16.86544386,32.73387207,6.272994468,4.963760402,1.966565945,29.56847009,17.19228914,20.60557697,35.63411379,68.25724217,23.09563034,51.59098068,30.7895727,10.13577552,12.81302664,14.49661253,6.181605361,7.364496291,1.909224905,3.01686042
Dimethyl trisulfide,0,0,0,6.546393928,3.075564304,5.150199818,4.369260131,6.128308684,6.777537141,0,3.841786996,2.638549878,2.146637941,4.126302366,0,0,4.987149808,2.728523104,6.742844382,4.184616368,0,4.476052021,0,0,0,0,0,0,0,0,0,0,0,0,7.830584888,0,0,0,0,0,0,0,3.477795209,0,0,0,0,0,0,0,0,0,2.443391312,0,0,0,0,2.003000592,0,0
1-Heptanol,0,0,0,0,0,4.329614438,0,0,0,0,0,0,0,0,0,0,0,0,0,0,0,0,0,0,0,0,0,3.522965875,4.286147157,0,0,0,0,0,0,0,2.990927833,0,0,0,0,0,0,0,0,0,2.072949648,0,0,0,0,0,0,0,1.566210428,1.826191959,0,0,1.608133791,0
"1-Butanol, 2-methyl-, propanoate",0,0,0,0,0,0,0,0,0,0,0,0,0,0,0,0,0,0,0,0,0,0,0,0,0,0,0,0,0,0,0,0,0,0,0,0,0,0,0,0,0,0,0,0,0,0,0,0,0,0,0,0,0,0,0,0,0,0,0,0
1-Octen-3-ol,23.41466771,8.261182795,20.11318509,0,0,0,0,0,0,0,0,0,0,0,0,0,0,2.393362152,0,0,0,2.797738918,5.035085627,4.174870885,7.623386644,2.484927305,0,0,0,1.366708161,0,0,0,0,0,0,0,0,28.55595581,27.67767875,22.02308327,21.95204344,3.688210961,0,3.234645205,2.54494914,0,0,0,0,0,0,0,0,0,0,1.409127906,1.641412076,0,0
1-Nonen-3-ol,0,0,0,0,0,0,0,0,0,0,1.807262617,0,0,0,0,0,2.901661137,0,0,0,0,0,0,0,0,0,0,0,0,0,0,0,0,0,0,0,0,0,0,0,0,0,0,0,0,0,0,0,0,0,0,0,0,0,0,0,0,0,0,0
"1-Propanol, 3-(methylthio)-",0,0,0,0,0,0,0,0,0,0,0,0,0,2.048831698,0,0,0,0,0,0,0,0,0,0,0,0,0,0,0,0,0,0,0,0,0,0,0,0,0,0,0,0,0,0,0,0,0,2.703904071,0,0,0,0,0,0,0,0,0,0,0,0
Phenol,0,0,0,0,0,0,0,0,0,0,0,0,0,0,0,0,0,0,0,0,0,0,0,0,0,0,0,0,0,0,0,0,0,0,0,0,0,0,0,0,0,0,0,0,0,0,0,0,0,0,0,0,0,0,0,0,0,0,0,0
Ethyl (methylthio)acetate,0,0,3.099495377,0,0,2.081918372,0,0,0,0,3.922637634,0,0,0,0,0,0,0,0,0,0,0,0,0,0,0,0,0,0,0,0,0,0,0,0,0,0,0,0,0,0,2.082677158,0,0,0,0,0,0,0,0,0,0,0,0,0,0,0,0,0,0
"2,3-Octanedione",0,3.014766502,0,0,0,0,0,0,0,0,0,0,0,0,0,0,0,0,0,0,0,0,0,0,0,0,0,0,0,0,0,0,0,0,0,0,0,0,0,0,0,0,0,0,0,0,0,0,0,0,0,0,0,0,0,0,0,0,0,0
"5-Hepten-2-one, 6-methyl-",3.598066295,5.367625801,2.35712655,0,1.856741624,0,4.043778385,3.069055956,3.752794182,0,0,0,0,0,1.557780918,2.380101079,2.287540856,0,2.276957878,1.893120272,0,0,0,0,0,0,0,0,0,0,0,0,0,0,0,0,0,0,0,0,0,0,0,0,2.480891858,2.885296713,0,0,0,3.119820512,3.372171347,2.010181274,3.394695279,4.916259496,0,0,1.410384528,1.638619427,0,1.727751687
"Furan, 2-pentyl-",0,3.329973021,2.672456841,0,0,0,2.274919933,2.641556549,0,0,2.221419617,0,0,0,0,0,0,0,0,0,0,0,10.13196119,0,0,0,0,0,0,3.059987755,0,0,0,0,0,0,2.808792647,0,0,0,0,0,0,0,5.905785957,0,0,0,0,0,0,0,0,0,0,0,0,0,0,0
Mesitylene,0,0,0,0,0,0,0,0,2.496587526,0,0,0,0,1.679910533,1.524573141,1.788511906,0,0,1.571262906,1.395364935,0,0,0,0,0,0,0,0,0,0,0,0,0,0,0,0,0,0,0,0,0,0,0,0,0,0,0,0,0,0,0,0,0,0,1.397946087,0,0,0,0,0
"Benzene, 1,2,3-trimethyl-",0,0,0,0,0,0,0,0,0,0,0,0,0,0,0,0,0,0,0,0,0,0,0,0,0,0,0,0,0,0,0,0,0,0,0,0,0,0,0,0,0,0,0,0,0,0,0,0,0,0,0,0,0,0,0,2.047695887,1.690662165,2.271784031,1.697136472,0
"Hexanoic acid, ethyl ester",0,0,0,0,0,0,0,0,0,0,0,0,0,0,0,0,0,0,0,36.89160278,0,0,0,0,0,0,0,0,0,0,0,0,0,0,0,0,0,0,0,0,0,0,0,0,0,0,0,0,0,0,0,0,0,0,26.96034152,0,0,0,0,0
"Benzene, 1,3-dichloro-",257.6,257.6,257.6,257.6,257.6,257.6,257.6,257.6,257.6,257.6,257.6,257.6,257.6,257.6,257.6,257.6,257.6,257.6,257.6,257.6,257.6,257.6,257.6,257.6,257.6,257.6,257.6,257.6,257.6,257.6,257.6,257.6,257.6,257.6,257.6,257.6,257.6,257.6,257.6,257.6,257.6,257.6,257.6,257.6,257.6,257.6,257.6,257.6,257.6,257.6,257.6,257.6,257.6,257.6,257.6,257.6,257.6,257.6,257.6,257.6
"2,4-Heptadienal, (E,E)-",0,0,0,0,0,0,0,0,0,0,0,0,0,0,0,0,0,0,0,0,0,0,0,0,0,0,0,0,0,0,0,0,0,0,0,0,0,0,0,0,0,0,0,0,1.347576484,0,0,0,0,0,0,0,0,0,0,0,0,0,0,0
"Acetic acid, hexyl ester",0,0,0,0,0,4.337352984,0,2.373492522,0,0,0,4.147385277,2.325726946,0,0,0,0,0,0,0,0,0,0,0,0,0,0,0,0,0,0,0,0,0,0,0,0,0,0,0,0,0,0,0,0,0,0,0,0,0,0,0,0,0,0,0,0,0,0,0
"Propanoic acid, 2-methyl-, 3-methylbutyl ester",0,0,0,0,0,0,0,0,0,0,0,0,0,0,0,0,0,0,0,0,0,0,0,0,0,0,0,0,0,0,0,0,0,0,0,0,0,0,0,0,0,0,0,0,0,0,0,0,0,0,0,0,0,0,0,0,0,0,0,0
"1-Hexanol, 2-ethyl-",9.302697321,0,7.165203415,5.512708692,5.095611778,3.815736612,0,0,0,0,7.425611069,3.022847077,4.188682517,6.283783587,6.211793216,4.560611525,3.868289442,5.962282932,5.783372699,4.928053649,0,0,0,0,0,4.771462474,0,0,0,6.296186128,0,0,0,0,0,0,0,5.001788645,6.965990662,7.11274894,7.151419303,5.730585067,0,0,0,6.16430901,4.77546324,5.358235728,7.398454033,0,5.520835911,5.274769723,4.334274473,0,4.235384832,3.836292198,2.74661637,2.670070758,2.560737814,7.227793261
"2-Octene, 2,6-dimethyl-",0,0,0,0,0,0,6.993235245,6.017381702,0,0,0,0,0,0,0,0,0,0,0,0,0,0,0,0,0,0,0,0,0,0,0,0,0,0,0,0,0,0,0,0,0,0,0,0,0,0,0,0,0,0,0,0,0,0,0,0,0,0,0,0
"2-Heptenal, (Z)-",0,0,0,0,0,0,0,0,0,0,0,0,0,0,0,0,0,0,0,0,0,0,0,0,0,0,0,0,0,0,0,0,0,0,0,0,0,0,0,0,0,0,0,0,0,0,0,0,0,0,0,0,0,0,0,0,0,0,0,0
Eucalyptol,0,0,0,0,0,0,0,0,0,0,11.83077532,0,0,0,0,0,0,12.80420831,0,0,15.68724203,0,0,0,0,0,0,0,0,0,0,0,0,0,0,0,0,0,0,0,0,0,0,0,0,0,0,0,0,0,0,0,0,0,0,0,0,0,0,0
Benzyl alcohol,68.65625733,57.64031323,38.19532147,52.8525582,28.50209637,0,30.46022543,28.71672804,21.41747609,17.33412358,0,18.72176966,25.41145025,16.17137902,0,0,15.32358418,0,25.32569794,34.13039282,0,41.73495602,0,8.102553073,22.15220957,44.65659825,17.14383409,9.827869194,18.72142309,0,3.505618572,4.756380954,5.322415223,13.36455415,13.48823541,5.493056052,3.200587171,3.783301066,4.314911376,6.355604546,5.11390764,4.516571122,21.60836953,0,0,12.53824797,42.30153134,38.73628113,72.04711568,259.8604289,52.260009,32.76675531,46.14291932,7.117842142,71.32576191,37.84052301,7.905118811,11.65780618,5.544541758,3.23555316
Benzeneacetaldehyde,0,50.42056222,0,0,0,0,0,0,0,0,0,0,0,0,0,0,0,0,0,0,0,0,0,0,0,0,0,0,0,0,0,0,0,0,0,0,0,0,0,2.195740763,0,1.752006434,0,0,0,0,0,0,0,0,0,0,0,0,0,0,0,0,0,0
"2-Octenal, (E)-",0,5.199230216,0,0,0,0,0,0,0,0,1.781996793,0,0,0,0,0,0,0,0,0,0,0,0,3.209881751,0,0,0,0,0,0,0,0,0,0,0,0,0,0,0,0,0,0,0,0,4.093016728,0,0,0,0,0,0,0,0,0,0,0,0,0,0,0
"2-Dodecenal, (E)-",0,0,0,0,0,0,0,0,0,0,0,0,0,0,0,0,0,0,0,0,0,0,0,0,0,0,0,0,0,0,0,0,0,0,0,0,0,0,0,0,0,0,0,0,0,0,0,0,0,0,0,0,0,0,0,0,0,0,0,0
"3-Octen-1-ol, (Z)-",0,0,1.379608175,0,0,0,0,0,0,0,0,0,0,0,0,0,0,0,0,0,0,0,0,0,0,0,0,0,0,0,0,0,0,0,0,0,0,0,0,0,0,0,0,0,0,0,0,0,0,0,0,0,0,0,0,0,0,0,0,0
"Propanoic acid, 2-methyl-, 2-methylbutyl ester",0,0,0,0,0,0,2.53388126,2.656163747,0,0,0,0,0,0,0,0,0,0,0,0,0,0,0,0,0,0,0,0,0,0,0,0,0,0,0,0,0,0,0,0,0,0,0,0,0,0,0,0,0,0,0,0,0,0,0,0,0,0,0,0
Isophorone,0,0,0,0,1.819468607,0,0,0,0,0,0,0,0,0,0,0,1.963893526,0,0,0,0,0,0,0,0,0,0,0,0,0,0,0,0,0,0,0,0,0,0,0,0,0,0,0,0,0,0,0,0,0,0,0,0,0,0,0,1.465855025,0,0,0
Acetophenone,5.858591974,3.534420268,1.865858535,4.320956716,4.70137832,0,1.983888161,1.87137082,2.852347965,0,2.939161747,1.53284758,2.102229507,2.273685389,3.342841571,3.645428461,2.063201953,3.091740171,3.917326642,3.303297465,3.506178928,0,0,0,0,2.742108125,0,0,3.055305342,1.472547188,0,0,0,7.588502733,0,0,3.804577635,1.794331696,2.056829357,2.555281658,2.425276329,0,2.474956654,0,1.561936843,1.756642051,2.137778284,0,0,0,0,1.843848576,0,0,1.896595786,1.772497012,1.842077756,0,1.372578905,3.38330998
1-Octanol,10.15239569,0,0,18.0101314,4.100822449,10.21523723,37.61129966,83.06352862,71.5656719,9.663190439,0,50.10422424,9.126315527,0,0,0,1.986676025,3.107902933,5.64259185,5.583454233,3.72754047,83.43294899,0,8.053550965,8.811676955,4.005490462,3.492402538,4.515931627,6.240619098,3.447725147,7.297462072,10.92663904,15.0870942,39.556422,32.10285049,8.637756397,9.648686386,6.505642395,4.049204256,0,2.89702583,0,7.513537007,3.262499158,0,0,7.476833364,14.24517554,8.254059053,9.291054526,16.4749746,3.380707797,1.802603386,0,12.19277079,7.9607913,2.12039136,1.921938632,2.640907517,2.602418457
"3,5-Octadien-2-one",0,0,0,0,0,0,0,0,0,0,0,0,0,0,0,0,0,0,0,0,0,0,0,0,0,0,0,0,0,0,0,0,0,0,0,0,0,0,0,0,0,0,0,0,0,0,0,0,0,0,0,0,0,0,0,0,0,0,0,0
Santolina alcohol,0,0,0,0,0,0,0,0,0,0,0,0,0,0,0,0,0,0,0,0,0,0,0,0,0,0,0,0,0,0,0,0,0,0,0,0,0,0,0,0,0,0,0,0,0,0,0,0,0,0,0,0,0,0,0,0,0,0,0,0
"2,3-Butanediol, diacetate",0,0,0,0,0,0,0,0,0,0,0,0,0,0,0,0,0,0,0,0,0,0,0,0,0,1.782854155,0,0,0,0,0,0,0,0,0,0,0,0,0,0,0,0,0,0,0,0,0,0,0,0,0,0,0,0,0,0,0,0,0,0
"2,4-Hexadienoic acid, ethyl ester",0,0,0,16.29374503,8.06726191,4.78812806,0,0,0,0,0,0,0,0,0,0,0,2.650153078,3.187336103,5.746866775,0,0,0,0,0,0,0,0,0,0,0,0,0,0,0,0,0,0,0,0,0,0,0,0,0,0,0,0,0,0,0,0,0,0,5.489396602,0,0,0,0,0
(S)-3-Ethyl-4-methylpentanol,0,0,0,0,0,0,0,0,0,0,0,0,0,0,0,0,0,0,0,0,0,0,0,0,0,0,0,0,0,0,0,0,0,0,0,0,0,0,0,0,0,0,0,0,0,0,0,0,0,0,0,0,0,0,0,0,0,0,0,0
"Benzoic acid, methyl ester",6.54088842,14.27046088,1.827173748,0,0,0,0,0,0,0,0,0,0,0,1.601392441,4.146301984,2.748254036,0,0,0,2.572444547,0,0,0,0,22.39852375,7.46871104,0,0,0,0,0,0,0,4.700724221,0,0,0,0,0,0,0,0,0,0,3.5564032,3.089042545,2.843749214,5.410844554,4.209707384,2.979939641,3.582915196,1.872128248,0,0,2.150505889,2.131435313,0,1.788099099,0
1-Nonen-4-ol,0,0,0,0,0,0,0,0,0,0,0,0,0,0,0,0,0,0,0,0,0,0,0,0,0,0,0,0,0,0,0,0,0,0,0,0,0,0,0,0,0,0,0,0,0,0,0,0,0,0,0,0,0,0,0,0,0,0,0,0
"(Z,Z)-3,6-Nonadienal",0,0,0,0,0,0,0,0,1.825689865,0,0,0,0,0,0,0,0,0,0,0,0,0,0,0,0,0,0,0,0,0,4.69541605,5.319759478,0,0,0,0,2.330059828,0,0,0,0,0,3.593750486,0,0,0,0,0,0,0,0,0,0,0,0,0,0,0,0,0
"2(3H)-Furanone, 4,5-dihydro-4-(2-methyl-3-methylenebut-4-yl)-",0,0,0,0,0,0,0,0,0,0,0,0,0,0,0,0,0,0,0,0,0,0,0,0,0,0,0,0,0,0,0,0,0,0,0,0,0,0,0,0,0,0,0,0,0,0,0,0,0,0,0,0,0,0,0,0,0,0,0,0
"4-Nonenal, (E)-",0,0,0,0,0,0,0,0,0,0,0,0,0,0,0,0,0,0,0,0,0,0,0,0,0,0,0,0,0,0,0,0,0,0,0,0,0,0,0,0,0,0,0,0,0,0,0,0,0,0,0,0,0,0,0,0,0,0,0,0
3-(Methylthio)propanoic acid ethyl ester,0,0,0,0,0,0,0,0,0,0,0,0,0,0,0,0,0,0,0,0,0,0,0,0,0,0,0,0,0,0,0,0,0,0,0,0,0,0,0,0,0,0,0,0,0,0,0,0,0,0,0,0,0,0,0,0,0,0,0,0
"6-Nonenal, (Z)-",217.054677,0,57.8922272,4.439761212,15.18577292,16.12828098,117.0668848,99.00339529,130.8273413,222.7716542,56.95693885,53.31757606,36.85228892,192.4952941,0,0,74.69447453,37.197463,0,23.54541293,0,544.9045533,377.4701052,547.1161972,501.2399071,29.51409056,76.67361577,107.0345397,76.86458727,0,353.330584,366.1381274,208.295923,277.2001956,0,0,0,59.46725947,0,0,0,0,74.50469821,258.1936564,0,0,270.1837312,372.0561753,634.7952928,499.5190796,358.3263665,47.74061037,86.09229153,492.8109848,73.08551634,104.5079159,66.62754308,52.37946869,66.90443713,321.4781733
Nonanal,0,0,0,0,0,0,0,0,0,0,0,0,0,0,171.9316315,112.8745074,0,0,0,0,0,0,0,0,0,0,0,0,0,53.55915067,0,0,0,0,300.4894744,106.7293732,0,0,82.95692901,0,52.28289198,40.08614516,0,0,48.54417518,0,0,0,0,0,0,0,0,0,0,0,0,0,0,0
Phenylethyl Alcohol,0,0,0,0,0,0,0,0,0,0,0,5.931556108,6.268416753,0,0,0,0,0,0,0,3.870869,9.302500656,0,0,7.061010385,5.974549432,0,0,0,0,0,0,0,0,0,0,0,0,0,0,0,0,5.007579598,0,0,0,0,2.523160352,6.676678214,13.32523324,2.447650206,3.799180461,2.762936402,0,4.54995465,0,0,0,0,0
"Octanoic acid, methyl ester",0,0,2.016408551,0,0,0,0,0,0,0,0,0,0,0,0,0,0,0,0,0,0,0,0,0,0,0,0,0,0,0,0,0,0,0,8.044458603,0,0,0,0,0,0,0,0,0,0,0,0,0,0,0,0,0,0,0,0,0,0,0,0,0
Benzyl nitrile,0,0,0,0,0,0,0,0,0,0,0,2.573915525,1.868233105,0,0,0,0,0,0,0,0,0,0,0,0,0,0,0,0,0,0,0,0,0,0,0,0,0,0,0,0,0,0,0,0,0,0,0,0,0,0,0,0,0,0,0,0,0,0,0
"Cyclohexanol, 2-methyl-5-(1-methylethenyl)-, (1.alpha.,2.alpha.,5.beta.)-",0,0,0,0,0,0,0,0,0,0,0,0,0,0,0,0,0,0,0,0,0,0,0,0,0,0,0,0,0,0,0,0,0,0,0,0,0,0,0,0,0,0,0,0,0,0,0,0,0,0,0,0,0,0,0,0,0,0,0,0
"2,6-Nonadienal, (E,E)-",0,86.473014,49.84755319,0,0,0,136.6030558,176.4767802,249.786523,267.4954234,39.82512901,5.79323168,5.963589179,50.0273485,0,0,0,0,0,0,0,429.2249934,819.9907513,364.6686651,297.4865924,0,0,0,0,210.4315831,642.522666,866.8684111,271.4395531,143.7435591,109.0790037,0,0,0,106.4981651,104.4863934,27.60292305,49.78725906,289.4353593,0,238.3812774,72.62812818,0,0,0,153.5182686,87.32912505,0,52.9758991,0,120.9655919,151.3924219,53.07452842,55.19978813,70.10973548,224.1071224
"3-Nonen-1-ol, (Z)-",106.7264319,0,0,11.14132516,92.51954513,69.27445701,0,0,0,0,0,0,0,0,162.4253382,126.8747514,46.76603976,348.5972515,23.02710183,90.10075951,484.3231118,0,0,0,0,300.7126243,596.5401437,373.6642314,340.9539747,0,0,0,0,0,0,500.6325562,0,160.8801966,0,0,0,0,0,359.8629452,0,0,71.08634408,46.02403974,145.6354748,0,0,91.93583998,0,158.4981917,0,0,0,0,0,0
"3,6-Nonadien-1-ol, (E,Z)-",166.1869307,0,0,0,94.25804874,0,0,0,0,128.4158174,0,0,0,0,79.61502525,69.24552486,97.9719731,237.8141009,34.0454254,58.66359299,258.3065669,0,0,52.87948522,62.37760919,319.4828508,587.8410751,396.1769839,354.5176725,0,146.9873464,796.0664989,429.8519523,626.5040332,581.6608449,259.4441531,391.7645221,262.1067408,0,0,0,0,194.9072988,307.1477398,0,52.32459387,54.49481317,39.59179224,125.3186832,38.17914053,29.91039432,257.9439404,35.10567688,312.749152,20.96303333,38.36932622,18.51152304,0,21.66552816,0
"2-Nonenal, (Z)-",0,60.15959835,27.31864022,0,0,0,55.88543648,60.28621313,87.04036455,115.0264909,16.84108791,0,0,10.3854869,0,12.74596405,0,0,0,25.48768772,0,289.8448773,842.1961845,240.1475592,189.962217,0,0,0,0,155.3434734,308.1419822,0,0,0,0,0,0,0,34.25051916,36.61408808,12.82343117,19.01325206,0,0,198.597081,16.42221166,16.70195715,9.898553323,26.00811511,65.75450108,49.9054937,0,0,0,62.91910732,34.51125262,22.14260788,34.06157965,32.80474455,200.8134427
Benzenepropanal,0,0,0,0,0,0,0,0,0,0,0,0,0,0,0,0,0,0,0,0,0,0,0,0,0,0,0,0,0,0,0,0,0,0,0,0,0,0,0,0,0,0,0,0,0,0,0,0,0,0,0,0,0,0,0,0,0,0,0,0
Benzoic acid,0,6.176674992,0,0,1.968865866,0,0,0,0,0,0,0,0,0,0,0,0,0,0,0,0,3.031739179,0,0,0,0,0,0,0,0,0,0,0,0,0,0,0,0,0,0,0,0,0,0,0,0,0,0,0,0,0,0,0,0,0,0,0,0,0,0
"trans,cis-2,6-Nonadien-1-ol",14.50745025,0,0,0,0,0,0,2.796184953,8.015057653,26.72844064,0,0,0,0,0,0,0,12.15725276,0,8.183113642,14.82933593,0,0,0,0,22.1913078,121.6553517,46.54978984,0,0,150.4882236,124.2888742,67.57209161,0,0,0,88.43694369,7.151053362,0,0,0,0,12.23591833,25.96091138,2.212832947,0,0,0,0,0,0,4.846953226,0,0,6.291715822,12.59514693,0,0,12.06022034,9.810774758
"2-Nonen-1-ol, (E)-",0,0,0,0,0,0,0,0,0,0,0,0,0,0,0,0,0,0,0,8.660889168,0,0,5.933640311,0,0,11.76829534,37.48351899,0,0,0,71.71801955,90.31400371,0,0,0,0,0,0,0,0,0,0,0,0,1.475441254,0,0,0,0,0,0,5.708641772,0,0,0,0,3.029774389,0,5.898657184,12.35886673
1-Nonanol,0,0,0,0,0,0,0,0,0,0,0,0,4.516247322,10.16327935,14.05093051,9.983835185,0,200.6338556,0,0,396.3103681,272.9769476,86.37998459,262.9692655,163.113973,0,0,0,0,1.829854491,0,0,0,0,0,671.8119594,0,0,0,0,0,0,0,0,5.884419394,5.238266995,249.5092325,116.6105088,154.4589909,195.491119,99.99821048,0,0,0,0,0,0,0,0,123.8541273
(6Z)-Nonen-1-ol,182.7874479,0,0,50.62750461,0,50.89878336,83.17357786,38.40523645,44.3044451,646.5563973,0,8.870454566,0,0,0,0,106.0023002,0,37.24654663,89.67848114,0,0,0,0,0,183.7035771,367.958639,626.764602,505.6542235,0,370.3814521,396.6501956,603.6957907,1129.694901,749.2766463,0,328.6644819,79.19673478,0,0,0,0,172.0782775,0,0,0,0,0,0,0,0,44.08137213,14.27069921,0,145.5673837,103.8546575,54.74575621,0,0,0
Octanoic acid,0,0,0,0,0,0,0,0,0,0,0,0,0,0,0,0,0,0,0,0,0,0,0,0,0,0,0,0,0,0,0,0,0,0,0,0,0,0,0,0,0,0,0,0,0,0,0,0,0,0,0,0,0,0,0,0,0,0,0,0
"Acetic acid, cinnamyl ester",0,0,0,0,0,0,0,0,0,0,0,0,0,0,0,0,0,0,0,0,0,0,0,0,0,0,0,0,0,0,0,0,0,0,0,0,0,0,0,0,0,0,0,0,0,0,0,0,0,0,0,0,0,0,0,0,0,0,0,0
"Butanedioic acid, diethyl ester",0,0,0,0,0,0,0,0,0,0,0,0,0,0,0,0,0,0,0,0,0,0,0,0,0,0,0,0,0,0,0,0,0,0,0,0,0,0,0,0,0,0,0,0,0,0,0,0,0,0,0,0,0,0,0,0,0,0,0,0
alpha-Terpineol,0,2.401220612,0,0,0,0,2.134302897,2.442580786,2.229923234,0,0,0,0,0,0,0,0,0,0,2.413550777,0,0,0,0,0,0,0,0,0,0,0,0,0,0,0,0,0,0,0,0,0,0,2.162998257,0,0,0,2.024300327,0,3.385955811,12.56472317,1.938417968,0,0,0,3.592100313,1.384479522,0,0,0,0
Creosol,0,0,0,0,0,0,0,0,0,0,0,0,0,0,0,0,0,0,0,0,0,0,0,0,0,0,0,0,0,0,0,0,0,0,0,0,0,0,0,0,0,0,0,0,0,0,0,0,0,0,0,4.456271833,1.646585071,0,0,0,0,0,0,0
"2,4-Nonadienal, (E,E)-",0,0,0,0,0,0,0,0,0,0,0,0,0,0,0,0,0,0,0,0,0,0,6.785430286,0,0,0,0,0,0,2.10402463,0,0,0,0,0,0,0,0,0,0,0,0,0,0,1.475614228,0,0,0,0,0,0,0,0,0,0,0,0,0,0,2.28287628
"Octanoic acid, ethyl ester",0,0,2.335834946,0,0,0,0,0,0,0,0,0,0,0,0,0,0,0,0,1.485566984,0,0,0,0,0,0,0,0,0,0,0,0,0,0,0,0,0,0,0,0,0,0,0,0,0,0,0,0,0,0,0,0,0,0,1.327104423,0,0,0,0,0
Decanal,0,4.642476454,1.380026797,0,0,0,2.468357629,1.824181336,2.333868738,0,3.333886765,0,0,0,1.41999241,0,0,0,0,0,0,0,0,0,0,0,0,0,0,1.853435074,0,0,0,0,0,0,0,0,2.208323431,0,0,0,0,0,0,0,0,0,0,0,0,0,0,0,0,0,0,0,0,0
1-Heptadecene,0,0,0,0,0,0,0,0,0,0,0,0,0,0,0,0,0,0,0,0,0,0,0,0,0,0,0,0,0,0,0,0,0,0,0,0,0,0,0,0,0,0,0,0,0,0,0,0,0,0,0,0,0,0,0,0,0,0,0,0
"Acetic acid, octyl ester",0,0,0,0,0,0,0,1.492199549,0,0,0,6.115327819,1.946238919,0,0,0,0,0,0,0,0,0,0,0,0,0,0,0,0,0,0,0,0,0,0,0,0,0,0,0,0,0,0,0,0,0,0,0,0,0,0,0,0,0,0,0,0,0,0,0
"1-Cyclohexene-1-carboxaldehyde, 2,6,6-trimethyl-",8.959746558,0,5.572487327,0,0,0,0,6.237640351,7.357067982,0,0,0,0,0,0,0,0,0,0,0,0,0,0,0,6.838319003,2.95973719,0,0,0,0,0,0,0,0,0,0,0,0,0,0,0,0,4.052314156,0,0,5.387601211,2.670069573,0,4.847401496,3.895432556,3.143627207,0,2.427045721,7.302920131,2.063711185,2.653144179,2.952705501,4.556458808,2.276651504,3.95499012
"Nonanoic acid, methyl ester",0,0,0,0,0,0,0,0,0,0,0,0,0,0,0,0,0,0,0,0,0,0,0,0,0,0,4.857249552,5.510149694,0,0,0,0,0,0,0,0,2.456799786,0,1.434242178,0,1.753924734,0,0,0,0,0,0,0,0,0,0,0,0,0,0,0,0,0,0,0
3-Phenylpropanol,0,0,0,15.06652394,0,0,0,0,0,0,0,6.354606268,13.22420692,0,0,0,0,0,0,0,0,24.26710047,0,0,11.92695217,0,0,0,0,0,0,0,0,0,0,0,0,0,0,0,0,0,0,0,0,0,10.7040832,6.481381451,16.45228653,21.26592577,11.53326337,0,3.147394395,0,9.523672588,0,0,0,0,0
"1-Cyclohexene-1-acetaldehyde, 2,6,6-trimethyl-",0,2.321199604,0,0,0,0,0,0,0,0,0,0,0,0,0,0,0,0,0,0,0,0,0,0,0,0,0,0,0,0,0,0,0,0,0,0,0,0,0,0,0,0,0,0,0,0,0,0,0,0,0,0,0,0,0,0,0,0,0,0
"Octadecanoic acid, propyl ester",0,0,0,0,0,0,0,0,0,0,0,0,0,0,0,0,0,0,0,0,0,0,0,0,0,0,0,0,0,0,0,0,0,0,0,0,0,0,0,0,0,0,0,0,0,0,0,0,0,0,0,0,0,0,0,0,0,0,0,0
Nonanoic acid,0,0,0,0,0,0,0,0,0,0,0,0,0,0,0,0,0,0,0,0,0,0,0,0,0,0,0,0,0,0,0,0,0,0,13.74884024,0,7.177049961,0,0,0,0,0,0,0,0,0,0,0,0,5.307162151,0,0,0,0,0,0,0,0,0,0
"Cinnamaldehyde, (E)-",2.423662543,3.9207204,2.627286312,0,0,0,1.85821383,2.430545319,3.35573277,0,0,2.876713989,2.45842625,0,0,0,0,0,0,0,0,5.737484406,0,0,0,0,0,0,0,0,0,0,0,0,0,0,0,0,0,0,0,0,0,0,0,0,0,0,0,0,0,0,0,0,2.980065848,0,0,0,0,0
"Benzeneacetaldehyde, .alpha.-ethylidene-",0,0,0,0,0,0,0,0,0,0,0,0,0,0,0,0,0,0,0,0,0,0,0,0,0,0,0,0,0,0,0,0,0,0,0,0,0,0,0,4.053132079,0,2.637124958,0,0,0,0,0,0,0,0,0,0,0,0,0,0,0,0,0,0
"2-Pentenal, 2-methyl-",0,0,0,0,0,0,0,0,0,0,0,0,0,0,0,0,0,0,0,0,0,0,0,0,0,0,0,0,3.752267265,0,0,0,0,0,0,0,0,0,0,0,0,0,0,0,0,0,0,0,0,0,0,0,0,0,0,0,0,0,0,0
"Nonanoic acid, ethyl ester",0,0,0,0,0,0,0,0,0,0,0,0,0,0,0,0,0,0,0,0,0,0,0,0,0,0,0,0,0,0,0,0,0,0,0,0,0,0,0,0,0,0,0,0,0,0,0,0,0,0,0,0,0,0,0,0,0,0,0,0
Camphene,0,0,0,0,0,0,0,0,0,0,0,0,0,0,0,0,0,0,0,0,0,0,0,0,0,0,0,0,0,0,0,0,0,0,0,0,0,0,0,0,0,0,0,0,0,0,0,0,0,0,0,0,0,0,0,0,0,0,0,0
"Ethanone, 1-(1,4-dimethyl-3-cyclohexen-1-yl)-",0,0,0,0,0,0,0,0,0,0,0,0,0,0,0,0,0,0,0,0,0,0,0,0,0,0,0,0,0,0,0,0,0,0,0,0,0,0,0,0,0,0,0,0,0,0,0,0,0,0,0,0,0,0,0,0,0,0,0,0
"2-Propen-1-ol, 3-phenyl-, (E)-",0,0,0,0,0,0,0,0,0,0,0,0,0,0,0,0,0,0,0,0,0,3.218544188,0,0,0,0,0,0,0,0,0,0,0,0,0,0,0,0,0,0,0,0,0,0,0,0,0,0,0,0,0,0,0,0,0,0,0,0,0,0
"6-Nonen-1-ol, acetate, (Z)-",0,0,0,0,0,0,0,0,0,0,0,0,0,0,0,0,0,0,0,0,0,0,0,0,0,2.018323603,0,11.92981301,3.994377875,0,0,0,0,0,0,0,0,0,0,0,0,0,0,0,0,0,0,0,0,0,0,0,0,0,0,0,0,0,0,0
"Acetic acid, nonyl ester",0,0,0,0,0,0,0,0,0,0,0,0,0,0,0,0,0,0,0,0,0,0,0,0,0,0,0,4.547443776,0,0,0,0,0,0,0,0,0,0,0,0,0,0,0,0,0,0,0,0,0,0,0,0,0,0,0,0,0,0,0,0
"Decanoic acid, methyl ester",0,0,0,4.7514635,2.425182663,1.772760598,0,0,0,0,0,0,0,0,0,0,0,0,0,0,0,0,0,0,0,0,0,0,0,0,0,0,0,0,0,0,0,0,0,0,0,0,0,0,0,0,0,0,0,0,0,0,0,0,0,0,0,0,0,0
"Ethanone, 1-(4-ethylphenyl)-",0,0,0,0,0,0,0,0,0,0,0,0,0,0,0,0,0,0,0,0,0,0,0,0,0,0,0,0,0,0,0,0,0,0,0,0,0,0,0,0,0,0,0,0,0,0,0,0,0,0,0,0,0,0,0,0,0,0,0,0
"Cyclohexene, 1-methyl-4-(1-methylethylidene)-",3.776773121,2.776700831,0,0,0,0,3.46318571,2.466438409,2.721648344,0,0,0,0,1.353836727,0,0,0,0,0,0,0,0,0,0,0,0,0,0,0,0,0,0,0,0,0,0,0,0,0,0,0,0,0,0,0,0,0,0,0,0,0,0,0,0,0,0,0,0,0,0
Eugenol,0,0,0,0,0,0,0,0,0,0,0,0,2.707588988,4.036357658,0,0,0,0,0,0,0,0,0,0,0,0,0,0,0,0,0,0,0,0,0,0,0,0,0,0,0,0,0,0,0,0,0,0,0,0,0,0,0,0,0,0,0,0,0,0
"2(3H)-Furanone, dihydro-5-pentyl-",0,0,0,0,0,0,0,0,0,0,0,0,0,0,0,0,0,0,0,0,0,0,0,0,0,0,0,0,0,0,0,0,0,0,0,0,0,0,0,0,0,0,0,0,0,0,0,0,0,0,0,0,0,0,0,0,0,0,0,0
"2-Propenoic acid, 3-phenyl-, methyl ester",0,0,0,0,0,0,0,0,0,0,0,0,0,0,0,0,0,0,0,0,0,0,0,0,3.141346698,9.629742898,0,0,0,0,0,0,0,0,0,0,0,0,0,0,0,0,0,0,0,0,0,0,3.930309199,4.812365535,0,1.763794238,0,0,0,0,0,0,0,0
"Decanoic acid, ethyl ester",0,0,0,19.1056302,11.33285857,12.70302407,0,0,0,0,0,0,0,0,0,0,0,0,3.299212283,2.66870657,0,0,0,0,0,0,0,0,0,0,0,0,0,0,0,0,0,0,0,0,0,0,0,0,0,0,0,0,0,0,0,0,0,0,1.676599738,0,0,0,0,0
"2,4-Decadienal, (E,E)-",0,0,0,0,0,0,0,0,0,0,0,0,0,0,0,0,0,0,0,0,0,0,0,0,0,0,0,0,0,0,0,0,0,0,0,0,0,0,0,0,0,0,0,0,0,0,0,0,0,0,0,0,0,0,0,0,0,0,0,0
Dodecanal,0,0,0,0,0,0,0,0,0,0,0,0,0,0,0,0,0,0,0,0,0,0,0,0,0,0,0,0,0,0,0,0,0,0,0,0,0,0,0,0,0,0,0,0,0,0,0,0,0,0,0,0,0,0,0,0,0,0,0,0
"2-Cyclopenten-1-one, 3-methyl-2-(2-pentenyl)-, (Z)-",0,0,0,0,0,0,0,0,0,0,0,0,0,0,0,0,0,0,0,0,0,0,0,0,0,0,0,0,0,0,0,0,4.146287859,0,0,0,0,0,0,0,0,0,0,0,0,0,0,0,0,0,0,0,0,0,0,0,0,0,0,0
"5,9-Undecadien-2-one, 6,10-dimethyl-, (E)-",20.13105928,59.79805546,25.81675067,8.904512471,5.871300802,3.684941751,34.02159174,31.38176366,31.90359631,19.34262825,0,0,0,0,1.957887101,6.558259526,4.532620225,4.632564029,5.43601434,9.158860691,8.61944434,12.43773274,19.36231236,21.99268164,23.57351377,2.458353593,0,0,0,0,0,0,0,0,0,0,0,0,0,0,0,0,7.878865887,0,14.80458639,5.40311891,11.01343556,11.95297566,17.82598153,15.06279667,19.37767179,7.223531287,15.64284015,32.25521975,3.810065196,3.220670593,5.489624053,4.913923114,3.704470312,11.46819771
(E)-.beta.-Famesene,2.232167626,2.150563895,0,0,0,0,0,0,0,0,0,0,0,0,0,0,0,0,0,0,0,0,0,0,0,0,0,0,0,0,0,0,0,0,0,0,0,0,0,0,0,0,0,0,0,0,0,0,0,0,0,0,0,0,0,0,0,0,0,0
"2-Propenoic acid, 3-phenyl-, ethyl ester, (E)-",0,0,0,12.58202638,0,0,0,0,0,0,0,0,0,0,0,0,0,0,0,0,0,0,0,0,0,0,0,0,0,0,0,0,0,0,0,0,0,0,0,0,0,0,0,0,0,0,0,0,0,0,0,0,0,0,0,0,0,0,0,0
"2(3H)-Furanone, 5-hexyldihydro-",0,0,0,0,0,0,0,0,0,0,0,0,0,0,0,0,0,0,0,0,0,0,0,0,0,0,0,0,0,0,0,0,0,0,0,0,0,0,0,0,0,0,0,0,0,0,0,0,0,0,0,0,0,0,0,0,0,0,0,0
"3-Buten-2-one, 4-(2,6,6-trimethyl-1-cyclohexen-1-yl)-",0,0,0,0,0,0,0,0,0,0,0,0,0,0,0,0,0,0,0,0,0,0,0,0,0,0,0,0,0,0,0,0,0,0,0,0,0,0,0,0,0,0,0,0,0,0,0,0,0,0,0,0,0,0,0,0,0,0,0,0
trans-.beta.-Ionone,6.194779667,8.2796721,3.519533614,1.868918032,1.981778841,0,0,4.054747436,4.96350697,0,0,0,0,0,0,0,2.166472723,0,0,1.695738563,0,0,0,3.749030018,4.284420234,0,0,0,0,0,0,0,0,0,0,0,0,0,0,0,0,0,2.488648062,0,0,3.045370889,0,0,0,3.439756464,3.139756831,2.103363775,0,5.579776365,1.698277228,1.80750499,1.52801159,2.402447901,1.429082341,2.359679216
.alpha.-Farnesene,0,0,0,0,0,0,0,0,0,0,0,0,0,0,0,0,0,0,0,0,0,0,0,0,0,0,0,0,0,0,0,0,0,0,0,0,0,0,0,0,0,0,0,0,0,0,0,0,0,0,0,0,0,0,0,0,0,0,0,0
"Dodecanoic acid, ethyl ester",0,0,0,29.43693574,11.10187092,16.1525681,0,0,0,0,0,0,0,0,0,0,0,0,2.236051137,1.500424572,0,0,0,0,0,0,0,0,0,0,0,0,0,0,0,0,0,0,0,0,0,0,0,0,0,0,0,0,0,0,0,0,0,0,0,0,0,0,0,0
"Tetradecanoic acid, ethyl ester",0,0,0,0,0,1.538023438,0,0,0,0,0,0,0,0,0,0,0,0,0,0,0,0,0,0,0,0,0,0,0,0,0,0,0,0,0,0,0,0,0,0,0,0,0,0,0,0,0,0,0,0,0,0,0,0,0,0,0,0,0,0
"9-Hexadecenoic acid, methyl ester, (Z)-",2.220827244,4.531325437,0,0,3.309858992,0,0,0,0,0,0,0,0,0,0,0,0,0,0,0,0,0,0,0,0,0,0,0,0,0,0,0,0,0,0,0,0,0,0,0,0,0,0,0,0,0,0,0,0,0,0,0,0,0,0,0,2.690092221,0,0,0
"7,9-Di-tert-butyl-1-oxaspiro(4,5)deca-6,9-diene-2,8-dione",0,0,0,0,0,0,0,0,0,0,0,0,0,0,0,0,0,0,0,0,0,0,0,0,0,0,0,0,0,0,0,0,0,0,0,0,0,0,0,0,0,0,0,0,0,0,0,0,0,0,0,0,0,0,0,0,0,0,0,0
"Hexadecanoic acid, methyl ester",6.377517367,7.575075622,0,0,5.172469241,0,0,0,0,0,0,0,0,0,0,1.879973506,3.564664633,0,1.688016605,1.939171471,0,0,0,0,0,0,0,6.661533271,3.296536414,0,0,0,0,0,0,0,0,0,0,0,0,0,0,0,0,0,1.971400131,0,0,0,0,0,0,0,0,1.46590403,3.62373613,0,0,3.80213514
Dibutyl phthalate,0,0,0,0,0,0,0,0,0,0,0,0,0,0,0,0,0,0,0,0,0,0,0,0,0,0,0,0,0,0,0,0,0,0,0,0,0,0,0,0,0,0,0,0,0,0,0,0,0,0,0,0,0,0,0,0,0,0,0,0
Ethyl 9-hexadecenoate,0,0,0,6.386812284,5.525247097,0,0,0,0,0,0,0,0,0,0,0,0,0,0,2.055068326,0,0,0,0,0,0,0,0,0,0,0,0,0,0,0,0,0,0,0,0,0,0,0,0,0,0,0,0,0,0,0,0,0,0,0,0,0,0,0,0
"Hexadecanoic acid, ethyl ester",0,0,0,0,5.474290629,0,0,0,0,0,0,0,0,0,0,0,0,0,0,2.369176766,0,0,0,0,0,0,0,0,0,0,0,0,0,0,0,0,0,0,0,0,0,0,0,0,0,0,0,0,0,0,0,0,0,0,0,0,0,0,0,0
